"order_id","product_id","quantity","unit_price","discount","order_detail_status","date_allocated","change_date"
4183,601,1.0000,68.3400,8.16,On Order,2016-12-22 00:00:00.000,2016-12-08 00:00:00.000
4433,605,1.0000,65.0400,7.32,On Order,2016-04-04 00:00:00.000,2017-02-11 00:00:00.000
4486,601,7.0000,4.3900,3.61,Allocated,2016-06-24 00:00:00.000,2017-03-16 00:00:00.000
4388,606,6.0000,29.4600,2.93,Allocated,2016-09-11 00:00:00.000,2016-09-20 00:00:00.000
4440,603,9.0000,66.0500,8.7,No Stock,2016-11-08 00:00:00.000,2017-02-03 00:00:00.000
4113,607,6.0000,7.6000,6.63,On Order,2016-05-01 00:00:00.000,2016-09-30 00:00:00.000
4314,602,9.0000,49.1900,2.67,Allocated,2016-07-24 00:00:00.000,2017-01-17 00:00:00.000
4015,608,2.0000,89.6300,4.14,Allocated,2016-04-07 00:00:00.000,2016-11-04 00:00:00.000
4155,610,6.0000,90.5600,6.31,On Order,2016-10-18 00:00:00.000,2017-02-03 00:00:00.000
4313,610,7.0000,54.9200,8.87,No Stock,2017-01-20 00:00:00.000,2016-11-08 00:00:00.000
4387,610,3.0000,47.5500,5.2,Allocated,2016-10-06 00:00:00.000,2017-03-05 00:00:00.000
4506,606,10.0000,85.3700,2.21,Allocated,2016-10-03 00:00:00.000,2017-03-14 00:00:00.000
4348,609,6.0000,38.5900,6.7,On Order,2016-08-16 00:00:00.000,2016-10-19 00:00:00.000
4015,601,8.0000,69.0300,1.11,On Order,2016-08-15 00:00:00.000,2016-11-04 00:00:00.000
4444,605,8.0000,81.6300,9.58,On Order,2017-01-27 00:00:00.000,2017-02-22 00:00:00.000
4131,602,5.0000,28.6200,6.07,No Stock,2016-03-21 00:00:00.000,2017-02-01 00:00:00.000
4011,604,10.0000,58.2500,9.3,No Stock,2016-04-04 00:00:00.000,2017-03-01 00:00:00.000
4113,609,5.0000,39.6400,4.58,Allocated,2017-02-26 00:00:00.000,2016-09-30 00:00:00.000
4258,605,7.0000,22.4500,8.41,On Order,2016-06-02 00:00:00.000,2017-01-11 00:00:00.000
4530,602,9.0000,70.9700,4.73,On Order,2016-12-07 00:00:00.000,2017-02-07 00:00:00.000
4564,602,2.0000,6.6800,6.29,Allocated,2016-03-19 00:00:00.000,2017-02-26 00:00:00.000
4353,608,9.0000,28.8000,1.77,Allocated,2016-03-28 00:00:00.000,2016-10-09 00:00:00.000
4178,605,9.0000,23.5900,8.82,Allocated,2016-09-11 00:00:00.000,2017-01-05 00:00:00.000
4181,602,2.0000,64.2000,4.74,Allocated,2016-08-16 00:00:00.000,2016-11-06 00:00:00.000
4409,609,7.0000,94.9800,4.11,On Order,2016-05-17 00:00:00.000,2017-02-28 00:00:00.000
4037,601,2.0000,44.7600,7.22,On Order,2017-03-01 00:00:00.000,2016-11-08 00:00:00.000
4441,602,4.0000,79.4900,2.54,Allocated,2017-02-19 00:00:00.000,2016-11-17 00:00:00.000
4568,607,10.0000,95.6000,9.17,On Order,2016-05-04 00:00:00.000,2017-02-27 00:00:00.000
4117,603,7.0000,91.8100,4.35,On Order,2016-04-18 00:00:00.000,2017-02-04 00:00:00.000
4342,601,6.0000,67.4100,8.5,Allocated,2016-08-28 00:00:00.000,2016-11-05 00:00:00.000
4188,609,3.0000,23.1800,8.76,On Order,2016-03-30 00:00:00.000,2017-02-07 00:00:00.000
4263,608,4.0000,18.4600,7.86,Allocated,2016-08-12 00:00:00.000,2017-02-28 00:00:00.000
4374,604,3.0000,29.5100,2.34,No Stock,2017-03-07 00:00:00.000,2017-01-22 00:00:00.000
4077,601,9.0000,86.2000,4.5,Allocated,2017-03-10 00:00:00.000,2016-11-24 00:00:00.000
4395,607,6.0000,26.0500,6.29,On Order,2016-07-24 00:00:00.000,2017-03-05 00:00:00.000
4474,609,7.0000,12.5000,6.31,Allocated,2016-04-18 00:00:00.000,2017-02-19 00:00:00.000
4029,604,1.0000,11.0600,5.37,On Order,2016-11-26 00:00:00.000,2016-12-21 00:00:00.000
4057,608,3.0000,68.9900,6.42,On Order,2016-08-19 00:00:00.000,2017-02-11 00:00:00.000
4174,607,8.0000,53.9500,6.31,No Stock,2016-04-30 00:00:00.000,2017-02-08 00:00:00.000
4176,601,2.0000,70.2400,1.09,Allocated,2017-01-21 00:00:00.000,2016-12-30 00:00:00.000
4268,601,1.0000,24.7200,8.14,Allocated,2016-06-08 00:00:00.000,2017-01-30 00:00:00.000
4393,609,4.0000,55.8300,4.56,Allocated,2016-04-13 00:00:00.000,2017-02-27 00:00:00.000
4406,606,2.0000,96.4300,5.64,No Stock,2016-11-14 00:00:00.000,2016-11-11 00:00:00.000
4184,603,9.0000,99.4100,9.44,No Stock,2016-07-01 00:00:00.000,2017-01-06 00:00:00.000
4092,602,5.0000,42.6800,7.92,On Order,2016-09-09 00:00:00.000,2017-01-12 00:00:00.000
4158,602,1.0000,17.5000,6.29,Allocated,2016-04-14 00:00:00.000,2016-11-25 00:00:00.000
4562,609,3.0000,71.0900,1.26,No Stock,2016-07-12 00:00:00.000,2017-03-06 00:00:00.000
4107,606,8.0000,26.7800,1.21,On Order,2016-09-23 00:00:00.000,2016-10-10 00:00:00.000
4132,604,4.0000,89.3900,2.36,No Stock,2016-12-20 00:00:00.000,2017-03-10 00:00:00.000
4178,607,9.0000,62.5900,7.88,No Stock,2016-04-18 00:00:00.000,2017-01-05 00:00:00.000
4364,602,8.0000,90.0100,4.2,On Order,2017-02-09 00:00:00.000,2017-02-19 00:00:00.000
4218,601,7.0000,34.1400,8.03,Allocated,2016-11-12 00:00:00.000,2016-08-19 00:00:00.000
4017,610,4.0000,26.4300,7.18,On Order,2016-04-30 00:00:00.000,2017-02-01 00:00:00.000
4271,604,8.0000,38.6500,4.02,No Stock,2016-05-09 00:00:00.000,2016-09-10 00:00:00.000
4419,604,4.0000,54.0400,4.95,On Order,2017-01-05 00:00:00.000,2016-12-20 00:00:00.000
4449,608,6.0000,35.6200,5.23,On Order,2016-04-15 00:00:00.000,2016-12-13 00:00:00.000
4038,602,7.0000,13.2500,7.66,On Order,2016-07-13 00:00:00.000,2016-10-07 00:00:00.000
4589,603,9.0000,72.2700,4.97,On Order,2016-04-03 00:00:00.000,2017-02-08 00:00:00.000
4172,606,6.0000,88.2600,2.95,No Stock,2016-04-11 00:00:00.000,2017-02-15 00:00:00.000
4439,601,5.0000,11.4600,3.07,Allocated,2016-06-10 00:00:00.000,2017-02-01 00:00:00.000
4146,601,8.0000,69.7000,6.14,On Order,2016-04-15 00:00:00.000,2017-01-29 00:00:00.000
4166,602,10.0000,33.9900,5.76,Allocated,2016-05-26 00:00:00.000,2017-03-03 00:00:00.000
4140,603,10.0000,90.3100,6.8,On Order,2016-05-23 00:00:00.000,2016-07-03 00:00:00.000
4517,609,2.0000,1.0900,7.07,Allocated,2016-08-19 00:00:00.000,2017-02-01 00:00:00.000
4464,606,1.0000,31.6000,1.18,On Order,2016-09-05 00:00:00.000,2017-03-11 00:00:00.000
4366,605,9.0000,88.2100,3.68,On Order,2016-08-10 00:00:00.000,2016-12-20 00:00:00.000
4143,606,3.0000,99.6100,4.9,No Stock,2016-10-25 00:00:00.000,2016-08-25 00:00:00.000
4469,608,3.0000,73.2100,4.85,On Order,2017-02-19 00:00:00.000,2017-02-03 00:00:00.000
4505,608,3.0000,10.9900,1.62,Allocated,2016-09-04 00:00:00.000,2017-02-22 00:00:00.000
4412,607,7.0000,76.8100,5.67,No Stock,2016-11-26 00:00:00.000,2017-02-27 00:00:00.000
4043,609,8.0000,87.9500,8.57,No Stock,2016-06-18 00:00:00.000,2016-11-17 00:00:00.000
4222,601,10.0000,84.1400,2.59,No Stock,2016-06-25 00:00:00.000,2016-06-25 00:00:00.000
4174,608,2.0000,13.5600,7.15,No Stock,2016-07-08 00:00:00.000,2017-02-08 00:00:00.000
4009,605,6.0000,62.1600,5.68,No Stock,2017-02-13 00:00:00.000,2017-03-02 00:00:00.000
4361,601,6.0000,45.2700,1.05,Allocated,2016-03-29 00:00:00.000,2016-12-31 00:00:00.000
4424,605,8.0000,44.6600,4.23,Allocated,2016-11-06 00:00:00.000,2016-10-09 00:00:00.000
4585,610,10.0000,44.2600,3.84,On Order,2016-12-27 00:00:00.000,2016-11-29 00:00:00.000
4243,604,2.0000,6.3300,1.16,No Stock,2016-04-09 00:00:00.000,2017-02-16 00:00:00.000
4382,606,4.0000,68.1700,6.06,On Order,2017-01-22 00:00:00.000,2016-12-27 00:00:00.000
4095,602,6.0000,58.5000,9.62,On Order,2017-02-26 00:00:00.000,2017-02-25 00:00:00.000
4141,609,7.0000,20.2800,1.51,Allocated,2017-02-10 00:00:00.000,2017-03-16 00:00:00.000
4599,603,9.0000,40.9100,6.68,On Order,2016-12-27 00:00:00.000,2017-01-14 00:00:00.000
4571,604,8.0000,5.1500,2.51,No Stock,2016-07-11 00:00:00.000,2016-11-04 00:00:00.000
4008,608,1.0000,57.2000,8.94,Allocated,2017-01-13 00:00:00.000,2016-09-12 00:00:00.000
4412,605,10.0000,26.0700,6.78,Allocated,2017-02-16 00:00:00.000,2017-02-27 00:00:00.000
4335,609,6.0000,63.1500,9.3,Allocated,2016-08-31 00:00:00.000,2017-02-26 00:00:00.000
4476,603,4.0000,43.4700,5.63,No Stock,2016-09-17 00:00:00.000,2017-03-07 00:00:00.000
4135,609,6.0000,26.5500,2.9,On Order,2016-11-25 00:00:00.000,2016-12-22 00:00:00.000
4509,608,8.0000,2.4100,3.81,On Order,2016-08-30 00:00:00.000,2016-07-07 00:00:00.000
4084,604,4.0000,58.2700,4.09,Allocated,2016-08-12 00:00:00.000,2017-02-15 00:00:00.000
4144,604,6.0000,80.7500,3.9,Allocated,2016-09-09 00:00:00.000,2016-07-27 00:00:00.000
4014,601,3.0000,37.5700,4.99,Allocated,2016-08-21 00:00:00.000,2016-09-23 00:00:00.000
4595,605,1.0000,50.2800,8.15,Allocated,2017-02-19 00:00:00.000,2016-10-04 00:00:00.000
4240,606,10.0000,43.6600,2.48,No Stock,2017-02-05 00:00:00.000,2016-12-15 00:00:00.000
4040,608,2.0000,79.6400,6.72,Allocated,2016-04-24 00:00:00.000,2017-03-05 00:00:00.000
4405,604,3.0000,46.9900,9.31,No Stock,2016-09-08 00:00:00.000,2017-02-11 00:00:00.000
4044,608,3.0000,79.4200,6.56,On Order,2017-02-11 00:00:00.000,2016-12-17 00:00:00.000
4097,606,3.0000,41.3900,3.59,On Order,2016-11-29 00:00:00.000,2016-07-04 00:00:00.000
4438,604,1.0000,97.2400,5.43,Allocated,2016-10-22 00:00:00.000,2017-03-15 00:00:00.000
4260,603,1.0000,27.6800,1.99,Allocated,2016-09-20 00:00:00.000,2017-02-10 00:00:00.000
4410,604,10.0000,70.2400,4.07,No Stock,2016-10-27 00:00:00.000,2017-01-21 00:00:00.000
4236,607,8.0000,46.9700,4.9,Allocated,2017-02-16 00:00:00.000,2017-02-06 00:00:00.000
4297,604,4.0000,19.2100,1.7,Allocated,2016-08-20 00:00:00.000,2017-02-06 00:00:00.000
4200,605,10.0000,92.8100,1.0,No Stock,2017-03-07 00:00:00.000,2017-02-01 00:00:00.000
4102,610,10.0000,26.8100,5.9,On Order,2016-08-20 00:00:00.000,2017-01-18 00:00:00.000
4427,604,2.0000,61.9100,3.08,On Order,2016-09-01 00:00:00.000,2016-09-22 00:00:00.000
4214,610,9.0000,35.4800,7.16,On Order,2017-02-13 00:00:00.000,2017-02-19 00:00:00.000
4251,604,8.0000,43.9800,1.58,Allocated,2016-07-28 00:00:00.000,2017-03-04 00:00:00.000
4506,609,9.0000,84.3000,4.06,Allocated,2016-12-08 00:00:00.000,2017-03-14 00:00:00.000
4532,610,8.0000,17.2500,3.68,Allocated,2016-05-28 00:00:00.000,2016-07-01 00:00:00.000
4385,609,1.0000,18.1300,8.94,On Order,2016-03-25 00:00:00.000,2017-02-20 00:00:00.000
4256,608,4.0000,42.0200,2.86,Allocated,2016-09-19 00:00:00.000,2016-05-18 00:00:00.000
4581,607,8.0000,42.4000,9.73,On Order,2016-06-04 00:00:00.000,2017-03-04 00:00:00.000
4351,602,1.0000,37.6300,3.31,No Stock,2016-08-26 00:00:00.000,2016-11-05 00:00:00.000
4473,609,2.0000,97.6000,1.84,Allocated,2016-05-12 00:00:00.000,2017-02-12 00:00:00.000
4282,609,6.0000,25.3500,5.22,Allocated,2016-10-05 00:00:00.000,2016-09-26 00:00:00.000
4185,608,4.0000,85.3200,5.03,Allocated,2017-03-14 00:00:00.000,2016-07-03 00:00:00.000
4177,601,2.0000,17.8600,2.99,Allocated,2016-05-07 00:00:00.000,2017-03-02 00:00:00.000
4453,606,2.0000,4.0300,8.07,On Order,2016-12-10 00:00:00.000,2017-02-12 00:00:00.000
4541,607,4.0000,35.1700,5.44,No Stock,2017-01-07 00:00:00.000,2017-01-28 00:00:00.000
4107,603,2.0000,24.9500,3.71,On Order,2016-07-20 00:00:00.000,2016-10-10 00:00:00.000
4132,605,5.0000,29.9700,9.78,No Stock,2016-08-03 00:00:00.000,2017-03-10 00:00:00.000
4049,608,10.0000,24.2800,9.85,No Stock,2016-10-01 00:00:00.000,2016-08-24 00:00:00.000
4366,609,8.0000,80.7800,3.99,No Stock,2016-05-07 00:00:00.000,2016-12-20 00:00:00.000
4542,605,10.0000,92.4300,3.27,On Order,2017-01-23 00:00:00.000,2016-07-13 00:00:00.000
4170,607,10.0000,68.2700,9.02,No Stock,2017-02-11 00:00:00.000,2016-10-31 00:00:00.000
4557,606,3.0000,29.3500,8.67,On Order,2016-09-14 00:00:00.000,2016-09-11 00:00:00.000
4285,604,5.0000,47.8800,3.77,No Stock,2016-12-09 00:00:00.000,2016-10-22 00:00:00.000
4432,603,9.0000,52.1200,4.42,No Stock,2016-09-03 00:00:00.000,2017-02-04 00:00:00.000
4351,607,9.0000,83.2200,2.44,No Stock,2016-04-11 00:00:00.000,2016-11-05 00:00:00.000
4283,601,1.0000,14.7800,3.31,On Order,2016-10-07 00:00:00.000,2016-11-27 00:00:00.000
4526,604,4.0000,80.6700,2.83,No Stock,2016-07-29 00:00:00.000,2016-11-24 00:00:00.000
4428,605,9.0000,48.3800,5.26,On Order,2016-07-08 00:00:00.000,2016-10-28 00:00:00.000
4309,606,6.0000,84.2500,2.28,On Order,2016-04-07 00:00:00.000,2017-01-01 00:00:00.000
4292,610,9.0000,16.7800,5.96,No Stock,2016-05-05 00:00:00.000,2016-12-26 00:00:00.000
4488,609,10.0000,66.7900,5.3,On Order,2016-07-11 00:00:00.000,2016-11-09 00:00:00.000
4341,609,6.0000,52.0400,7.63,No Stock,2016-11-25 00:00:00.000,2017-02-18 00:00:00.000
4426,607,4.0000,78.4600,2.91,Allocated,2017-01-26 00:00:00.000,2016-12-19 00:00:00.000
4098,607,8.0000,11.8600,2.74,No Stock,2016-11-23 00:00:00.000,2016-12-19 00:00:00.000
4139,601,4.0000,87.7400,7.37,No Stock,2016-11-25 00:00:00.000,2017-01-23 00:00:00.000
4136,606,10.0000,16.8200,8.15,On Order,2016-06-22 00:00:00.000,2016-11-21 00:00:00.000
4562,610,9.0000,15.1000,6.8,Allocated,2016-08-27 00:00:00.000,2017-03-06 00:00:00.000
4280,609,4.0000,37.0900,4.44,On Order,2016-08-10 00:00:00.000,2017-02-04 00:00:00.000
4190,602,10.0000,17.3000,4.18,No Stock,2016-03-29 00:00:00.000,2016-08-27 00:00:00.000
4096,601,4.0000,9.8400,5.33,No Stock,2016-04-18 00:00:00.000,2017-01-02 00:00:00.000
4114,610,6.0000,3.7700,4.79,Allocated,2017-01-18 00:00:00.000,2016-12-19 00:00:00.000
4369,608,2.0000,8.5000,3.86,Allocated,2017-01-20 00:00:00.000,2017-01-23 00:00:00.000
4506,603,9.0000,66.7800,1.18,Allocated,2017-02-03 00:00:00.000,2017-03-14 00:00:00.000
4168,601,1.0000,59.4500,7.44,On Order,2016-09-06 00:00:00.000,2016-11-11 00:00:00.000
4589,601,5.0000,52.2500,4.47,Allocated,2016-07-02 00:00:00.000,2017-02-08 00:00:00.000
4371,610,10.0000,23.3300,4.07,On Order,2016-08-25 00:00:00.000,2016-12-11 00:00:00.000
4511,601,4.0000,7.2900,6.91,Allocated,2016-12-23 00:00:00.000,2016-11-08 00:00:00.000
4581,606,5.0000,50.5600,5.24,No Stock,2016-07-06 00:00:00.000,2017-03-04 00:00:00.000
4022,604,7.0000,41.6100,4.62,On Order,2016-09-09 00:00:00.000,2016-10-27 00:00:00.000
4520,609,9.0000,72.6100,9.55,No Stock,2016-10-08 00:00:00.000,2017-02-18 00:00:00.000
4117,610,9.0000,79.1500,6.8,Allocated,2017-02-09 00:00:00.000,2017-02-04 00:00:00.000
4479,610,6.0000,49.4800,6.79,Allocated,2017-03-01 00:00:00.000,2016-07-01 00:00:00.000
4499,601,4.0000,56.5800,6.73,No Stock,2017-02-21 00:00:00.000,2017-02-04 00:00:00.000
4266,601,2.0000,66.5700,6.27,Allocated,2016-09-19 00:00:00.000,2016-10-02 00:00:00.000
4160,608,10.0000,87.7800,4.28,Allocated,2016-11-20 00:00:00.000,2016-12-22 00:00:00.000
4461,608,6.0000,73.7700,2.02,Allocated,2016-03-27 00:00:00.000,2016-07-22 00:00:00.000
4252,601,3.0000,29.9100,4.91,On Order,2016-12-28 00:00:00.000,2016-12-29 00:00:00.000
4208,607,1.0000,84.8800,8.67,No Stock,2016-04-28 00:00:00.000,2016-10-26 00:00:00.000
4488,601,9.0000,64.2900,1.52,On Order,2016-03-30 00:00:00.000,2016-11-09 00:00:00.000
4291,601,1.0000,68.5000,2.58,Allocated,2016-11-05 00:00:00.000,2016-09-13 00:00:00.000
4434,601,2.0000,61.2800,1.15,On Order,2016-03-18 00:00:00.000,2017-02-11 00:00:00.000
4135,608,8.0000,17.9900,9.59,No Stock,2016-03-25 00:00:00.000,2016-12-22 00:00:00.000
4185,609,10.0000,34.5700,4.27,Allocated,2017-02-05 00:00:00.000,2016-07-03 00:00:00.000
4219,604,9.0000,46.2400,2.42,No Stock,2016-10-31 00:00:00.000,2017-03-14 00:00:00.000
4509,609,2.0000,99.2400,8.51,Allocated,2016-08-12 00:00:00.000,2016-07-07 00:00:00.000
4392,603,8.0000,74.9100,8.23,No Stock,2016-04-07 00:00:00.000,2017-02-03 00:00:00.000
4357,605,6.0000,24.3900,5.53,No Stock,2016-07-31 00:00:00.000,2016-12-19 00:00:00.000
4110,606,2.0000,63.6200,7.4,Allocated,2016-06-07 00:00:00.000,2017-02-05 00:00:00.000
4370,603,9.0000,46.2200,8.2,On Order,2016-09-02 00:00:00.000,2016-12-17 00:00:00.000
4255,610,7.0000,45.4900,8.0,Allocated,2016-08-01 00:00:00.000,2017-01-06 00:00:00.000
4332,606,5.0000,93.9600,3.31,No Stock,2016-08-09 00:00:00.000,2016-10-25 00:00:00.000
4487,607,5.0000,24.9200,8.97,On Order,2016-08-15 00:00:00.000,2017-02-20 00:00:00.000
4446,602,3.0000,76.2800,1.52,On Order,2017-02-17 00:00:00.000,2016-12-03 00:00:00.000
4567,605,1.0000,61.7500,1.31,Allocated,2016-04-14 00:00:00.000,2017-03-04 00:00:00.000
4535,610,6.0000,17.6700,1.81,On Order,2017-03-01 00:00:00.000,2017-02-24 00:00:00.000
4128,605,6.0000,94.6100,7.16,No Stock,2017-02-09 00:00:00.000,2016-08-13 00:00:00.000
4326,602,8.0000,69.1800,4.43,No Stock,2016-07-31 00:00:00.000,2017-02-14 00:00:00.000
4425,607,7.0000,18.9100,6.75,On Order,2016-11-28 00:00:00.000,2017-02-22 00:00:00.000
4579,601,10.0000,70.1900,5.85,No Stock,2016-09-11 00:00:00.000,2016-10-18 00:00:00.000
4095,604,3.0000,80.1300,4.11,No Stock,2016-12-01 00:00:00.000,2017-02-25 00:00:00.000
4301,605,6.0000,99.3200,1.22,Allocated,2016-09-02 00:00:00.000,2017-01-13 00:00:00.000
4023,607,6.0000,7.6800,5.59,On Order,2016-11-15 00:00:00.000,2017-02-02 00:00:00.000
4050,608,2.0000,76.8500,5.15,No Stock,2017-02-25 00:00:00.000,2016-11-03 00:00:00.000
4057,610,5.0000,41.2100,5.55,No Stock,2016-07-20 00:00:00.000,2017-02-11 00:00:00.000
4132,602,7.0000,38.8600,3.58,Allocated,2016-06-21 00:00:00.000,2017-03-10 00:00:00.000
4155,607,2.0000,83.0400,5.25,On Order,2016-09-01 00:00:00.000,2017-02-03 00:00:00.000
4387,602,8.0000,86.0600,9.74,Allocated,2016-12-01 00:00:00.000,2017-03-05 00:00:00.000
4577,604,5.0000,92.5400,6.26,On Order,2016-04-22 00:00:00.000,2016-11-18 00:00:00.000
4009,610,6.0000,19.3100,5.0,No Stock,2016-09-16 00:00:00.000,2017-03-02 00:00:00.000
4187,602,9.0000,87.9200,7.74,On Order,2016-11-13 00:00:00.000,2016-10-16 00:00:00.000
4318,607,5.0000,81.6300,1.49,On Order,2016-04-16 00:00:00.000,2017-01-20 00:00:00.000
4301,604,7.0000,96.6700,6.9,Allocated,2016-11-24 00:00:00.000,2017-01-13 00:00:00.000
4252,603,10.0000,41.4600,4.18,No Stock,2017-03-03 00:00:00.000,2016-12-29 00:00:00.000
4567,606,9.0000,62.1700,4.66,Allocated,2016-06-11 00:00:00.000,2017-03-04 00:00:00.000
4555,608,9.0000,81.3100,9.81,On Order,2017-01-24 00:00:00.000,2016-09-17 00:00:00.000
4285,601,8.0000,9.2800,2.13,Allocated,2016-03-27 00:00:00.000,2016-10-22 00:00:00.000
4382,602,8.0000,33.6400,7.95,Allocated,2016-11-05 00:00:00.000,2016-12-27 00:00:00.000
4188,605,5.0000,70.9500,6.11,On Order,2016-03-31 00:00:00.000,2017-02-07 00:00:00.000
4303,605,8.0000,31.9200,5.62,On Order,2016-04-09 00:00:00.000,2017-02-01 00:00:00.000
4401,602,1.0000,91.0100,4.13,No Stock,2016-09-27 00:00:00.000,2017-01-25 00:00:00.000
4108,604,8.0000,36.8900,3.04,On Order,2017-01-01 00:00:00.000,2016-10-05 00:00:00.000
4045,604,10.0000,43.5400,6.8,Allocated,2016-11-13 00:00:00.000,2017-02-25 00:00:00.000
4286,609,5.0000,63.2400,7.62,Allocated,2016-12-06 00:00:00.000,2016-11-08 00:00:00.000
4532,605,5.0000,6.2800,9.94,No Stock,2017-03-13 00:00:00.000,2016-07-01 00:00:00.000
4025,608,6.0000,81.2400,3.52,Allocated,2016-04-25 00:00:00.000,2017-02-06 00:00:00.000
4217,605,5.0000,40.6700,3.31,On Order,2016-11-09 00:00:00.000,2016-12-18 00:00:00.000
4539,603,7.0000,6.5800,4.8,Allocated,2016-05-14 00:00:00.000,2016-11-12 00:00:00.000
4137,605,2.0000,39.9600,6.08,On Order,2016-05-22 00:00:00.000,2016-09-13 00:00:00.000
4140,601,8.0000,82.8600,2.49,On Order,2016-12-24 00:00:00.000,2016-07-03 00:00:00.000
4010,610,6.0000,9.0900,3.02,On Order,2016-07-17 00:00:00.000,2017-02-26 00:00:00.000
4487,602,9.0000,69.7800,7.96,No Stock,2016-12-29 00:00:00.000,2017-02-20 00:00:00.000
4324,607,7.0000,83.2300,1.48,On Order,2016-07-10 00:00:00.000,2016-11-14 00:00:00.000
4406,607,10.0000,14.9100,3.88,No Stock,2016-06-18 00:00:00.000,2016-11-11 00:00:00.000
4435,610,10.0000,9.1900,7.18,On Order,2016-12-08 00:00:00.000,2017-02-02 00:00:00.000
4555,607,6.0000,77.1600,3.07,No Stock,2016-04-29 00:00:00.000,2016-09-17 00:00:00.000
4567,604,7.0000,94.4200,5.46,No Stock,2016-05-18 00:00:00.000,2017-03-04 00:00:00.000
4501,606,10.0000,54.4100,7.02,No Stock,2016-11-30 00:00:00.000,2017-02-27 00:00:00.000
4047,603,2.0000,81.1100,8.77,No Stock,2016-06-17 00:00:00.000,2017-02-19 00:00:00.000
4502,605,9.0000,39.9300,3.2,On Order,2016-11-21 00:00:00.000,2016-10-01 00:00:00.000
4079,601,7.0000,1.9500,1.76,On Order,2017-03-04 00:00:00.000,2016-08-18 00:00:00.000
4208,605,5.0000,82.6500,2.76,On Order,2016-12-11 00:00:00.000,2016-10-26 00:00:00.000
4423,608,9.0000,20.4000,4.26,On Order,2016-08-17 00:00:00.000,2016-11-20 00:00:00.000
4051,603,1.0000,57.6000,1.77,Allocated,2016-07-02 00:00:00.000,2017-03-16 00:00:00.000
4060,603,10.0000,40.3800,2.1,On Order,2017-02-05 00:00:00.000,2016-09-02 00:00:00.000
4001,608,1.0000,97.3400,8.73,Allocated,2017-01-15 00:00:00.000,2016-11-06 00:00:00.000
4590,601,5.0000,52.0000,5.26,On Order,2016-06-01 00:00:00.000,2017-02-23 00:00:00.000
4333,608,7.0000,14.2900,3.95,On Order,2016-06-16 00:00:00.000,2016-12-25 00:00:00.000
4267,610,4.0000,19.0800,6.41,No Stock,2016-12-24 00:00:00.000,2017-02-02 00:00:00.000
4300,601,5.0000,35.5100,8.38,On Order,2016-12-23 00:00:00.000,2016-11-10 00:00:00.000
4428,603,2.0000,81.1500,5.94,Allocated,2016-12-01 00:00:00.000,2016-10-28 00:00:00.000
4468,610,3.0000,80.7700,6.87,Allocated,2016-12-30 00:00:00.000,2016-12-02 00:00:00.000
4282,606,3.0000,88.9400,6.79,On Order,2016-09-29 00:00:00.000,2016-09-26 00:00:00.000
4010,601,1.0000,32.1800,9.41,On Order,2016-03-17 00:00:00.000,2017-02-26 00:00:00.000
4565,603,7.0000,81.0100,2.82,Allocated,2017-03-06 00:00:00.000,2017-02-03 00:00:00.000
4121,602,2.0000,7.0900,6.48,No Stock,2016-06-03 00:00:00.000,2017-02-23 00:00:00.000
4415,605,5.0000,74.8600,1.68,No Stock,2016-09-18 00:00:00.000,2017-01-02 00:00:00.000
4291,603,5.0000,11.2700,5.56,Allocated,2016-06-10 00:00:00.000,2016-09-13 00:00:00.000
4480,608,9.0000,11.0300,6.26,On Order,2016-12-10 00:00:00.000,2016-12-01 00:00:00.000
4325,608,10.0000,35.2800,1.8,Allocated,2016-09-01 00:00:00.000,2017-02-18 00:00:00.000
4214,609,7.0000,84.9900,8.17,No Stock,2016-07-08 00:00:00.000,2017-02-19 00:00:00.000
4095,608,1.0000,23.9600,5.54,No Stock,2016-03-27 00:00:00.000,2017-02-25 00:00:00.000
4478,606,1.0000,29.1300,4.59,On Order,2017-03-04 00:00:00.000,2017-01-28 00:00:00.000
4233,608,6.0000,70.7100,1.75,Allocated,2016-09-29 00:00:00.000,2016-12-14 00:00:00.000
4206,603,2.0000,40.4900,6.94,On Order,2017-02-23 00:00:00.000,2017-01-03 00:00:00.000
4410,607,6.0000,26.3900,7.8,No Stock,2016-03-21 00:00:00.000,2017-01-21 00:00:00.000
4015,609,8.0000,95.2700,6.62,Allocated,2017-03-13 00:00:00.000,2016-11-04 00:00:00.000
4307,601,7.0000,36.6300,3.9,On Order,2016-09-16 00:00:00.000,2017-01-10 00:00:00.000
4112,607,5.0000,63.7000,9.44,On Order,2017-01-01 00:00:00.000,2016-11-06 00:00:00.000
4551,610,1.0000,19.3800,8.43,No Stock,2016-11-09 00:00:00.000,2017-03-01 00:00:00.000
4010,602,1.0000,31.3500,7.18,No Stock,2016-12-30 00:00:00.000,2017-02-26 00:00:00.000
4412,610,3.0000,98.7700,3.34,On Order,2016-09-29 00:00:00.000,2017-02-27 00:00:00.000
4226,606,1.0000,84.2200,3.54,On Order,2017-01-19 00:00:00.000,2017-01-15 00:00:00.000
4087,601,2.0000,79.3900,3.86,No Stock,2016-07-13 00:00:00.000,2017-03-03 00:00:00.000
4116,610,5.0000,54.2100,9.53,On Order,2016-05-11 00:00:00.000,2016-12-10 00:00:00.000
4061,605,1.0000,41.1200,2.51,On Order,2016-09-05 00:00:00.000,2016-10-09 00:00:00.000
4331,602,5.0000,37.3700,6.39,No Stock,2016-03-19 00:00:00.000,2016-12-15 00:00:00.000
4166,601,3.0000,34.3600,9.92,No Stock,2016-09-01 00:00:00.000,2017-03-03 00:00:00.000
4348,608,1.0000,96.4200,4.57,On Order,2016-05-14 00:00:00.000,2016-10-19 00:00:00.000
4256,605,2.0000,31.7100,4.97,Allocated,2016-10-02 00:00:00.000,2016-05-18 00:00:00.000
4466,608,10.0000,37.7900,1.76,Allocated,2016-12-14 00:00:00.000,2016-06-08 00:00:00.000
4047,606,8.0000,1.5400,6.85,No Stock,2016-05-05 00:00:00.000,2017-02-19 00:00:00.000
4125,608,1.0000,72.4900,2.72,On Order,2016-08-22 00:00:00.000,2017-02-09 00:00:00.000
4287,609,1.0000,8.9800,3.39,Allocated,2016-07-18 00:00:00.000,2017-01-15 00:00:00.000
4479,603,10.0000,93.2000,7.79,On Order,2016-03-21 00:00:00.000,2016-07-01 00:00:00.000
4591,605,8.0000,19.5600,9.68,On Order,2016-09-15 00:00:00.000,2017-03-10 00:00:00.000
4401,604,10.0000,98.7000,5.27,Allocated,2016-06-03 00:00:00.000,2017-01-25 00:00:00.000
4021,604,3.0000,20.1400,8.54,No Stock,2016-06-26 00:00:00.000,2017-02-14 00:00:00.000
4192,602,4.0000,90.2900,5.09,Allocated,2017-02-14 00:00:00.000,2017-01-11 00:00:00.000
4085,605,8.0000,93.5400,7.49,On Order,2016-11-24 00:00:00.000,2017-02-04 00:00:00.000
4189,608,4.0000,52.2300,3.08,No Stock,2016-04-12 00:00:00.000,2016-12-20 00:00:00.000
4045,603,3.0000,31.0100,7.2,No Stock,2016-11-11 00:00:00.000,2017-02-25 00:00:00.000
4521,610,10.0000,19.3800,3.54,Allocated,2016-12-08 00:00:00.000,2017-03-10 00:00:00.000
4313,602,3.0000,87.0100,4.45,On Order,2016-08-30 00:00:00.000,2016-11-08 00:00:00.000
4192,605,8.0000,1.0300,1.28,On Order,2017-02-14 00:00:00.000,2017-01-11 00:00:00.000
4246,603,10.0000,53.9400,3.85,No Stock,2016-06-04 00:00:00.000,2017-02-04 00:00:00.000
4011,606,5.0000,73.3400,1.76,Allocated,2016-06-30 00:00:00.000,2017-03-01 00:00:00.000
4017,605,6.0000,75.8800,2.1,On Order,2017-02-15 00:00:00.000,2017-02-01 00:00:00.000
4103,606,6.0000,71.3200,9.88,No Stock,2016-09-10 00:00:00.000,2017-01-17 00:00:00.000
4581,609,5.0000,78.0100,3.65,On Order,2016-03-17 00:00:00.000,2017-03-04 00:00:00.000
4246,606,7.0000,6.1600,9.37,No Stock,2016-07-05 00:00:00.000,2017-02-04 00:00:00.000
4080,608,5.0000,26.8400,9.03,On Order,2016-11-13 00:00:00.000,2017-03-06 00:00:00.000
4531,606,10.0000,26.5300,2.83,No Stock,2016-03-25 00:00:00.000,2016-12-29 00:00:00.000
4072,601,3.0000,89.9500,9.61,No Stock,2016-11-25 00:00:00.000,2017-03-06 00:00:00.000
4409,602,2.0000,36.9600,9.73,Allocated,2016-08-19 00:00:00.000,2017-02-28 00:00:00.000
4514,605,6.0000,86.1700,7.08,No Stock,2017-01-25 00:00:00.000,2017-02-26 00:00:00.000
4450,607,8.0000,26.1400,4.87,On Order,2016-12-09 00:00:00.000,2017-02-13 00:00:00.000
4414,606,5.0000,26.0100,4.54,On Order,2016-03-23 00:00:00.000,2017-03-05 00:00:00.000
4350,604,6.0000,95.3100,9.43,On Order,2016-12-29 00:00:00.000,2016-05-15 00:00:00.000
4173,601,10.0000,11.2200,9.03,On Order,2017-01-26 00:00:00.000,2017-01-18 00:00:00.000
4580,601,1.0000,15.4400,3.76,No Stock,2016-04-08 00:00:00.000,2017-02-09 00:00:00.000
4526,603,9.0000,56.5600,7.64,On Order,2016-10-14 00:00:00.000,2016-11-24 00:00:00.000
4225,605,7.0000,88.0800,8.69,On Order,2016-11-13 00:00:00.000,2017-03-06 00:00:00.000
4234,604,5.0000,15.2600,9.54,No Stock,2016-04-06 00:00:00.000,2017-01-18 00:00:00.000
4134,606,1.0000,73.5700,3.21,Allocated,2016-04-07 00:00:00.000,2016-09-17 00:00:00.000
4099,606,2.0000,54.0900,5.84,On Order,2016-10-08 00:00:00.000,2016-10-11 00:00:00.000
4568,608,6.0000,81.5700,6.24,No Stock,2017-01-24 00:00:00.000,2017-02-27 00:00:00.000
4242,605,6.0000,52.3700,8.56,No Stock,2016-06-10 00:00:00.000,2016-12-03 00:00:00.000
4454,607,7.0000,55.9200,9.0,On Order,2016-10-07 00:00:00.000,2016-11-07 00:00:00.000
4012,604,5.0000,19.8200,9.97,No Stock,2016-09-21 00:00:00.000,2016-12-31 00:00:00.000
4531,607,4.0000,36.1400,7.09,No Stock,2016-03-26 00:00:00.000,2016-12-29 00:00:00.000
4247,601,4.0000,66.4100,4.54,On Order,2017-02-26 00:00:00.000,2016-11-26 00:00:00.000
4292,608,10.0000,27.4500,4.8,On Order,2016-05-12 00:00:00.000,2016-12-26 00:00:00.000
4052,605,9.0000,50.7400,6.47,No Stock,2016-05-22 00:00:00.000,2016-12-08 00:00:00.000
4001,609,2.0000,58.4600,4.36,No Stock,2016-09-21 00:00:00.000,2016-11-06 00:00:00.000
4223,602,2.0000,74.3500,9.94,Allocated,2016-04-18 00:00:00.000,2017-02-13 00:00:00.000
4592,607,1.0000,48.4700,6.13,On Order,2016-07-19 00:00:00.000,2016-12-20 00:00:00.000
4590,610,3.0000,46.2000,6.71,Allocated,2016-12-16 00:00:00.000,2017-02-23 00:00:00.000
4307,606,10.0000,56.4700,8.96,No Stock,2017-02-25 00:00:00.000,2017-01-10 00:00:00.000
4260,604,3.0000,59.6500,3.05,No Stock,2016-12-31 00:00:00.000,2017-02-10 00:00:00.000
4201,606,3.0000,46.4800,5.94,Allocated,2016-12-15 00:00:00.000,2016-12-09 00:00:00.000
4181,604,5.0000,86.4200,6.42,No Stock,2016-05-03 00:00:00.000,2016-11-06 00:00:00.000
4537,609,2.0000,14.7700,4.04,No Stock,2016-03-25 00:00:00.000,2017-02-13 00:00:00.000
4185,602,2.0000,22.8400,5.5,On Order,2016-10-20 00:00:00.000,2016-07-03 00:00:00.000
4075,606,1.0000,3.9500,8.66,On Order,2016-04-09 00:00:00.000,2017-02-27 00:00:00.000
4278,608,4.0000,38.0100,9.45,Allocated,2016-10-05 00:00:00.000,2017-03-08 00:00:00.000
4365,601,2.0000,92.9600,3.73,Allocated,2016-06-10 00:00:00.000,2017-03-16 00:00:00.000
4305,606,1.0000,2.5300,1.15,On Order,2016-12-03 00:00:00.000,2016-06-11 00:00:00.000
4282,601,1.0000,19.1400,3.98,On Order,2016-11-09 00:00:00.000,2016-09-26 00:00:00.000
4405,610,10.0000,4.9400,1.68,On Order,2016-11-15 00:00:00.000,2017-02-11 00:00:00.000
4396,605,9.0000,66.1900,1.32,No Stock,2017-02-05 00:00:00.000,2016-12-23 00:00:00.000
4220,604,5.0000,66.7800,9.28,No Stock,2016-10-09 00:00:00.000,2017-02-23 00:00:00.000
4460,602,8.0000,37.9500,8.36,No Stock,2017-01-03 00:00:00.000,2016-12-21 00:00:00.000
4252,606,4.0000,94.2400,1.31,No Stock,2017-03-14 00:00:00.000,2016-12-29 00:00:00.000
4105,601,5.0000,49.1700,1.99,On Order,2016-11-11 00:00:00.000,2016-08-10 00:00:00.000
4524,602,9.0000,91.5800,3.46,On Order,2017-03-12 00:00:00.000,2016-08-22 00:00:00.000
4396,607,4.0000,3.1500,1.04,On Order,2016-07-08 00:00:00.000,2016-12-23 00:00:00.000
4559,605,2.0000,87.8300,7.93,On Order,2016-11-09 00:00:00.000,2017-01-13 00:00:00.000
4332,610,5.0000,3.7700,6.74,Allocated,2016-06-23 00:00:00.000,2016-10-25 00:00:00.000
4400,603,2.0000,15.9000,5.62,On Order,2016-06-18 00:00:00.000,2016-09-06 00:00:00.000
4138,605,6.0000,4.6000,3.68,Allocated,2016-09-17 00:00:00.000,2016-11-16 00:00:00.000
4389,602,1.0000,94.2300,9.35,Allocated,2016-06-13 00:00:00.000,2017-02-18 00:00:00.000
4022,607,1.0000,10.4500,2.56,On Order,2016-10-18 00:00:00.000,2016-10-27 00:00:00.000
4107,604,5.0000,43.7500,1.39,No Stock,2017-01-03 00:00:00.000,2016-10-10 00:00:00.000
4126,610,10.0000,13.8300,1.15,On Order,2016-09-29 00:00:00.000,2016-12-25 00:00:00.000
4502,603,2.0000,27.2100,1.12,No Stock,2016-07-27 00:00:00.000,2016-10-01 00:00:00.000
4514,610,6.0000,71.5100,6.3,No Stock,2017-01-23 00:00:00.000,2017-02-26 00:00:00.000
4210,603,2.0000,92.1200,8.78,No Stock,2016-12-11 00:00:00.000,2017-03-08 00:00:00.000
4081,604,9.0000,5.4900,8.45,On Order,2016-10-21 00:00:00.000,2017-03-16 00:00:00.000
4249,601,2.0000,74.5200,3.88,On Order,2016-06-09 00:00:00.000,2016-12-08 00:00:00.000
4586,604,2.0000,56.6100,9.64,Allocated,2017-02-23 00:00:00.000,2017-01-09 00:00:00.000
4104,603,9.0000,33.8500,4.08,Allocated,2017-03-02 00:00:00.000,2017-03-12 00:00:00.000
4264,604,8.0000,82.0200,9.19,Allocated,2016-11-28 00:00:00.000,2017-01-09 00:00:00.000
4125,605,9.0000,59.3700,1.61,On Order,2016-07-24 00:00:00.000,2017-02-09 00:00:00.000
4287,605,5.0000,7.6300,2.78,Allocated,2016-08-22 00:00:00.000,2017-01-15 00:00:00.000
4216,606,3.0000,79.9100,8.92,Allocated,2016-05-02 00:00:00.000,2016-11-30 00:00:00.000
4328,605,2.0000,38.7800,6.97,Allocated,2017-03-04 00:00:00.000,2017-01-25 00:00:00.000
4496,603,10.0000,55.1200,3.71,Allocated,2016-07-06 00:00:00.000,2017-01-10 00:00:00.000
4288,604,6.0000,57.6700,3.25,Allocated,2016-05-18 00:00:00.000,2016-12-14 00:00:00.000
4357,608,4.0000,71.2800,1.94,No Stock,2016-07-08 00:00:00.000,2016-12-19 00:00:00.000
4129,610,5.0000,73.8900,8.17,On Order,2016-04-30 00:00:00.000,2016-09-05 00:00:00.000
4066,601,7.0000,25.1400,7.22,No Stock,2016-03-27 00:00:00.000,2016-11-15 00:00:00.000
4583,604,9.0000,19.9200,6.51,Allocated,2016-04-13 00:00:00.000,2017-01-24 00:00:00.000
4177,604,8.0000,18.3900,6.73,On Order,2016-04-05 00:00:00.000,2017-03-02 00:00:00.000
4275,601,1.0000,24.0100,5.55,No Stock,2016-12-30 00:00:00.000,2016-11-04 00:00:00.000
4600,609,5.0000,22.9300,8.87,Allocated,2016-06-16 00:00:00.000,2017-01-22 00:00:00.000
4538,603,6.0000,3.5100,4.54,Allocated,2016-04-21 00:00:00.000,2017-01-31 00:00:00.000
4231,609,6.0000,36.0500,2.56,On Order,2017-02-12 00:00:00.000,2016-10-04 00:00:00.000
4009,601,9.0000,51.2100,4.48,Allocated,2016-10-18 00:00:00.000,2017-03-02 00:00:00.000
4570,610,6.0000,98.1500,2.57,No Stock,2016-06-28 00:00:00.000,2016-10-13 00:00:00.000
4293,608,4.0000,69.2100,2.07,Allocated,2016-08-23 00:00:00.000,2016-12-12 00:00:00.000
4247,605,2.0000,61.2400,5.9,Allocated,2016-12-15 00:00:00.000,2016-11-26 00:00:00.000
4251,602,1.0000,1.7500,1.73,No Stock,2016-12-07 00:00:00.000,2017-03-04 00:00:00.000
4581,610,9.0000,79.7300,3.87,On Order,2016-04-20 00:00:00.000,2017-03-04 00:00:00.000
4549,605,9.0000,24.1200,7.26,No Stock,2016-08-22 00:00:00.000,2017-02-05 00:00:00.000
4549,606,7.0000,6.1900,4.68,Allocated,2016-09-02 00:00:00.000,2017-02-05 00:00:00.000
4511,610,3.0000,73.4800,8.4,Allocated,2016-12-06 00:00:00.000,2016-11-08 00:00:00.000
4547,606,4.0000,81.8100,9.44,No Stock,2016-05-14 00:00:00.000,2016-10-23 00:00:00.000
4002,604,3.0000,88.9700,2.86,On Order,2016-12-15 00:00:00.000,2017-01-29 00:00:00.000
4318,610,4.0000,41.7500,3.7,On Order,2016-09-09 00:00:00.000,2017-01-20 00:00:00.000
4160,610,8.0000,42.6700,5.88,No Stock,2017-01-04 00:00:00.000,2016-12-22 00:00:00.000
4187,606,3.0000,73.3900,6.52,On Order,2016-09-15 00:00:00.000,2016-10-16 00:00:00.000
4397,609,9.0000,78.5200,7.64,No Stock,2016-08-19 00:00:00.000,2016-12-25 00:00:00.000
4511,606,5.0000,26.1600,6.26,On Order,2016-12-09 00:00:00.000,2016-11-08 00:00:00.000
4025,602,4.0000,14.0700,2.58,On Order,2016-09-11 00:00:00.000,2017-02-06 00:00:00.000
4090,609,4.0000,46.1100,1.53,No Stock,2016-07-25 00:00:00.000,2016-11-12 00:00:00.000
4028,605,5.0000,95.0400,7.82,On Order,2016-07-24 00:00:00.000,2016-09-11 00:00:00.000
4246,609,4.0000,73.0600,1.26,No Stock,2017-02-28 00:00:00.000,2017-02-04 00:00:00.000
4381,607,1.0000,35.5400,3.78,Allocated,2016-07-27 00:00:00.000,2017-02-04 00:00:00.000
4429,606,10.0000,28.8000,2.75,Allocated,2017-03-03 00:00:00.000,2017-03-02 00:00:00.000
4388,607,1.0000,36.7600,7.37,No Stock,2016-12-29 00:00:00.000,2016-09-20 00:00:00.000
4456,608,7.0000,97.3400,1.24,Allocated,2016-05-13 00:00:00.000,2016-11-19 00:00:00.000
4441,609,4.0000,88.8600,9.63,Allocated,2016-06-06 00:00:00.000,2016-11-17 00:00:00.000
4203,610,2.0000,29.1200,6.46,No Stock,2016-10-27 00:00:00.000,2016-08-24 00:00:00.000
4423,605,5.0000,4.0600,2.22,On Order,2016-06-21 00:00:00.000,2016-11-20 00:00:00.000
4057,609,1.0000,79.3000,9.42,On Order,2016-10-01 00:00:00.000,2017-02-11 00:00:00.000
4181,603,3.0000,41.4500,2.49,Allocated,2016-04-18 00:00:00.000,2016-11-06 00:00:00.000
4329,603,6.0000,65.9300,2.86,On Order,2016-10-25 00:00:00.000,2017-03-12 00:00:00.000
4567,608,10.0000,25.9900,4.85,On Order,2016-05-01 00:00:00.000,2017-03-04 00:00:00.000
4219,607,1.0000,98.5800,7.38,No Stock,2016-08-06 00:00:00.000,2017-03-14 00:00:00.000
4088,601,3.0000,14.0300,3.74,Allocated,2016-11-15 00:00:00.000,2017-01-08 00:00:00.000
4244,609,4.0000,67.6200,7.49,On Order,2016-09-03 00:00:00.000,2017-03-13 00:00:00.000
4305,602,9.0000,31.5800,5.53,On Order,2016-10-01 00:00:00.000,2016-06-11 00:00:00.000
4408,609,3.0000,36.4400,8.86,No Stock,2016-12-17 00:00:00.000,2017-02-11 00:00:00.000
4482,601,1.0000,12.4800,8.56,No Stock,2016-08-16 00:00:00.000,2017-02-15 00:00:00.000
4128,606,3.0000,4.6700,2.72,On Order,2016-04-06 00:00:00.000,2016-08-13 00:00:00.000
4312,607,4.0000,87.5000,6.57,Allocated,2017-03-14 00:00:00.000,2017-02-27 00:00:00.000
4218,607,9.0000,62.6100,5.74,On Order,2016-11-08 00:00:00.000,2016-08-19 00:00:00.000
4469,602,3.0000,19.9900,5.21,No Stock,2016-08-11 00:00:00.000,2017-02-03 00:00:00.000
4097,605,4.0000,45.0300,5.61,On Order,2016-05-13 00:00:00.000,2016-07-04 00:00:00.000
4172,609,7.0000,60.9700,1.12,Allocated,2016-10-14 00:00:00.000,2017-02-15 00:00:00.000
4130,608,6.0000,47.4200,8.39,No Stock,2017-02-27 00:00:00.000,2016-11-28 00:00:00.000
4378,603,8.0000,74.8300,5.38,On Order,2016-04-11 00:00:00.000,2017-03-04 00:00:00.000
4339,604,10.0000,78.0600,5.32,No Stock,2016-11-19 00:00:00.000,2017-03-07 00:00:00.000
4362,603,4.0000,42.9200,5.17,No Stock,2016-09-24 00:00:00.000,2016-06-21 00:00:00.000
4526,610,5.0000,88.8000,2.86,On Order,2017-02-25 00:00:00.000,2016-11-24 00:00:00.000
4124,604,1.0000,18.7900,6.75,On Order,2017-01-05 00:00:00.000,2016-09-01 00:00:00.000
4070,601,5.0000,94.0800,4.09,On Order,2017-01-31 00:00:00.000,2016-12-01 00:00:00.000
4216,601,1.0000,55.1100,8.94,No Stock,2016-05-06 00:00:00.000,2016-11-30 00:00:00.000
4531,601,5.0000,79.0500,6.82,Allocated,2016-08-04 00:00:00.000,2016-12-29 00:00:00.000
4482,603,10.0000,28.9200,8.1,No Stock,2016-05-27 00:00:00.000,2017-02-15 00:00:00.000
4112,610,1.0000,22.5400,8.3,On Order,2016-04-09 00:00:00.000,2016-11-06 00:00:00.000
4155,606,7.0000,42.6200,2.57,No Stock,2017-02-11 00:00:00.000,2017-02-03 00:00:00.000
4550,610,10.0000,92.5100,4.84,No Stock,2017-02-24 00:00:00.000,2017-03-06 00:00:00.000
4552,603,3.0000,41.1500,6.38,No Stock,2016-04-11 00:00:00.000,2017-03-05 00:00:00.000
4352,604,4.0000,47.6200,5.05,Allocated,2016-05-30 00:00:00.000,2017-01-23 00:00:00.000
4250,602,8.0000,75.0600,4.19,Allocated,2016-06-26 00:00:00.000,2016-10-17 00:00:00.000
4586,602,7.0000,24.2400,7.68,On Order,2016-04-04 00:00:00.000,2017-01-09 00:00:00.000
4536,605,5.0000,88.0800,4.93,Allocated,2016-12-04 00:00:00.000,2017-01-21 00:00:00.000
4118,601,8.0000,1.5500,8.73,On Order,2016-08-18 00:00:00.000,2017-01-06 00:00:00.000
4206,607,6.0000,80.1900,3.28,No Stock,2017-01-21 00:00:00.000,2017-01-03 00:00:00.000
4506,602,7.0000,88.0300,1.0,On Order,2016-09-23 00:00:00.000,2017-03-14 00:00:00.000
4069,603,7.0000,89.8500,3.49,Allocated,2017-02-22 00:00:00.000,2016-12-22 00:00:00.000
4207,604,9.0000,84.4800,7.01,No Stock,2016-08-17 00:00:00.000,2016-11-09 00:00:00.000
4408,605,4.0000,12.8300,9.29,No Stock,2016-11-20 00:00:00.000,2017-02-11 00:00:00.000
4275,610,8.0000,1.1200,8.65,Allocated,2016-10-28 00:00:00.000,2016-11-04 00:00:00.000
4299,603,8.0000,81.7000,5.69,Allocated,2016-07-06 00:00:00.000,2017-01-12 00:00:00.000
4086,601,2.0000,94.0200,1.63,No Stock,2016-09-01 00:00:00.000,2016-08-26 00:00:00.000
4222,604,9.0000,39.1500,8.12,No Stock,2016-09-27 00:00:00.000,2016-06-25 00:00:00.000
4039,609,1.0000,99.6800,6.09,No Stock,2016-07-24 00:00:00.000,2017-03-16 00:00:00.000
4238,608,8.0000,88.3000,7.59,On Order,2016-08-18 00:00:00.000,2017-02-09 00:00:00.000
4094,605,7.0000,91.0500,4.52,On Order,2017-02-21 00:00:00.000,2016-08-07 00:00:00.000
4361,609,10.0000,39.7500,1.28,On Order,2016-07-15 00:00:00.000,2016-12-31 00:00:00.000
4425,608,4.0000,60.1100,4.46,No Stock,2017-02-15 00:00:00.000,2017-02-22 00:00:00.000
4238,602,3.0000,32.5000,2.63,No Stock,2016-04-09 00:00:00.000,2017-02-09 00:00:00.000
4407,608,4.0000,29.1900,7.26,No Stock,2016-12-15 00:00:00.000,2017-01-28 00:00:00.000
4327,608,3.0000,22.5700,4.64,Allocated,2016-03-23 00:00:00.000,2016-09-06 00:00:00.000
4220,609,6.0000,62.8200,9.71,No Stock,2016-04-06 00:00:00.000,2017-02-23 00:00:00.000
4406,602,7.0000,25.8400,7.67,On Order,2016-10-28 00:00:00.000,2016-11-11 00:00:00.000
4487,601,4.0000,72.1600,8.97,On Order,2016-07-28 00:00:00.000,2017-02-20 00:00:00.000
4344,610,10.0000,61.5300,5.36,On Order,2016-04-30 00:00:00.000,2016-12-16 00:00:00.000
4395,610,7.0000,82.7300,5.09,No Stock,2016-09-27 00:00:00.000,2017-03-05 00:00:00.000
4226,608,4.0000,97.1000,4.73,On Order,2016-04-25 00:00:00.000,2017-01-15 00:00:00.000
4077,602,10.0000,90.5800,5.92,No Stock,2016-06-23 00:00:00.000,2016-11-24 00:00:00.000
4003,609,8.0000,92.8700,4.01,No Stock,2016-06-15 00:00:00.000,2016-12-08 00:00:00.000
4592,609,10.0000,30.7600,3.2,No Stock,2016-05-02 00:00:00.000,2016-12-20 00:00:00.000
4503,601,6.0000,85.1000,8.26,No Stock,2016-05-03 00:00:00.000,2017-02-25 00:00:00.000
4083,602,1.0000,44.8500,5.16,No Stock,2016-09-16 00:00:00.000,2016-10-19 00:00:00.000
4267,601,4.0000,44.7800,6.86,No Stock,2016-09-27 00:00:00.000,2017-02-02 00:00:00.000
4407,606,9.0000,20.8200,6.82,No Stock,2016-10-08 00:00:00.000,2017-01-28 00:00:00.000
4054,601,10.0000,55.4800,9.19,On Order,2016-07-12 00:00:00.000,2017-02-28 00:00:00.000
4180,602,7.0000,48.1900,6.05,Allocated,2016-11-30 00:00:00.000,2017-03-16 00:00:00.000
4455,605,1.0000,98.2300,3.73,Allocated,2016-07-07 00:00:00.000,2016-07-09 00:00:00.000
4352,603,9.0000,88.5800,4.87,On Order,2017-03-05 00:00:00.000,2017-01-23 00:00:00.000
4185,607,9.0000,64.9700,1.57,No Stock,2016-10-19 00:00:00.000,2016-07-03 00:00:00.000
4478,607,4.0000,58.0500,2.9,Allocated,2017-01-26 00:00:00.000,2017-01-28 00:00:00.000
4444,602,4.0000,52.6000,9.83,On Order,2017-01-18 00:00:00.000,2017-02-22 00:00:00.000
4142,608,7.0000,55.4700,8.32,No Stock,2016-07-07 00:00:00.000,2016-12-25 00:00:00.000
4528,605,4.0000,73.6400,8.81,Allocated,2017-01-26 00:00:00.000,2016-11-16 00:00:00.000
4017,607,6.0000,77.9100,9.26,No Stock,2016-04-02 00:00:00.000,2017-02-01 00:00:00.000
4068,603,1.0000,87.8100,1.02,On Order,2016-10-12 00:00:00.000,2016-07-10 00:00:00.000
4550,609,8.0000,49.0400,7.62,On Order,2016-06-10 00:00:00.000,2017-03-06 00:00:00.000
4217,610,5.0000,20.0000,8.58,On Order,2016-07-27 00:00:00.000,2016-12-18 00:00:00.000
4485,605,7.0000,99.9200,1.31,No Stock,2016-05-11 00:00:00.000,2017-02-16 00:00:00.000
4199,602,8.0000,12.5900,9.45,Allocated,2016-04-16 00:00:00.000,2017-03-05 00:00:00.000
4105,606,9.0000,93.8000,4.48,Allocated,2017-01-06 00:00:00.000,2016-08-10 00:00:00.000
4591,601,1.0000,96.5200,2.39,No Stock,2017-01-16 00:00:00.000,2017-03-10 00:00:00.000
4289,601,7.0000,19.3200,7.31,On Order,2017-01-21 00:00:00.000,2017-02-12 00:00:00.000
4582,609,7.0000,65.9900,9.4,No Stock,2016-05-22 00:00:00.000,2017-03-16 00:00:00.000
4522,602,9.0000,68.9800,6.79,No Stock,2016-11-28 00:00:00.000,2017-03-13 00:00:00.000
4080,609,3.0000,41.7600,4.08,Allocated,2016-09-10 00:00:00.000,2017-03-06 00:00:00.000
4297,606,4.0000,71.2400,5.74,No Stock,2016-10-11 00:00:00.000,2017-02-06 00:00:00.000
4597,608,9.0000,96.2500,4.8,No Stock,2016-07-02 00:00:00.000,2017-02-08 00:00:00.000
4391,607,1.0000,48.4100,8.97,On Order,2016-07-10 00:00:00.000,2016-07-30 00:00:00.000
4186,605,2.0000,80.0800,7.63,On Order,2017-01-31 00:00:00.000,2016-09-09 00:00:00.000
4045,608,7.0000,15.2000,3.58,Allocated,2017-01-18 00:00:00.000,2017-02-25 00:00:00.000
4479,609,4.0000,70.3600,9.01,Allocated,2017-02-03 00:00:00.000,2016-07-01 00:00:00.000
4184,601,2.0000,95.1800,2.74,Allocated,2016-09-16 00:00:00.000,2017-01-06 00:00:00.000
4326,610,2.0000,24.4400,8.1,No Stock,2016-03-29 00:00:00.000,2017-02-14 00:00:00.000
4388,602,4.0000,5.8600,3.52,On Order,2016-05-09 00:00:00.000,2016-09-20 00:00:00.000
4350,602,8.0000,81.7200,7.57,Allocated,2016-08-18 00:00:00.000,2016-05-15 00:00:00.000
4426,606,8.0000,44.9800,6.5,On Order,2016-11-13 00:00:00.000,2016-12-19 00:00:00.000
4575,608,10.0000,79.2500,7.08,On Order,2016-11-19 00:00:00.000,2017-01-25 00:00:00.000
4551,601,3.0000,85.1000,2.45,Allocated,2016-07-08 00:00:00.000,2017-03-01 00:00:00.000
4135,603,2.0000,7.2400,2.61,Allocated,2017-01-02 00:00:00.000,2016-12-22 00:00:00.000
4135,607,6.0000,15.9900,6.23,No Stock,2016-12-16 00:00:00.000,2016-12-22 00:00:00.000
4284,606,5.0000,32.5700,7.22,On Order,2016-08-24 00:00:00.000,2016-12-08 00:00:00.000
4565,606,8.0000,99.6800,6.28,No Stock,2016-04-27 00:00:00.000,2017-02-03 00:00:00.000
4276,603,3.0000,44.7600,7.28,No Stock,2016-12-28 00:00:00.000,2016-09-03 00:00:00.000
4197,608,10.0000,60.3600,3.99,On Order,2016-10-30 00:00:00.000,2016-11-07 00:00:00.000
4455,603,1.0000,7.6800,7.77,Allocated,2016-12-09 00:00:00.000,2016-07-09 00:00:00.000
4102,609,9.0000,92.5600,5.98,On Order,2016-10-14 00:00:00.000,2017-01-18 00:00:00.000
4365,603,7.0000,86.6700,9.6,On Order,2016-07-31 00:00:00.000,2017-03-16 00:00:00.000
4300,607,5.0000,46.9400,6.82,No Stock,2016-07-29 00:00:00.000,2016-11-10 00:00:00.000
4482,607,6.0000,90.1100,5.74,On Order,2016-04-29 00:00:00.000,2017-02-15 00:00:00.000
4482,604,10.0000,55.9300,1.63,On Order,2016-07-09 00:00:00.000,2017-02-15 00:00:00.000
4482,608,1.0000,33.9000,2.46,Allocated,2016-07-11 00:00:00.000,2017-02-15 00:00:00.000
4356,604,8.0000,93.9700,2.88,No Stock,2016-06-14 00:00:00.000,2016-12-26 00:00:00.000
4411,601,3.0000,10.4300,3.67,On Order,2016-12-27 00:00:00.000,2016-12-06 00:00:00.000
4289,605,10.0000,89.1600,2.08,No Stock,2016-06-03 00:00:00.000,2017-02-12 00:00:00.000
4003,602,7.0000,87.1500,3.54,No Stock,2017-02-09 00:00:00.000,2016-12-08 00:00:00.000
4482,610,4.0000,7.1200,2.89,On Order,2017-01-12 00:00:00.000,2017-02-15 00:00:00.000
4063,608,1.0000,62.8500,4.62,Allocated,2016-03-25 00:00:00.000,2017-03-05 00:00:00.000
4498,610,10.0000,69.3200,2.48,No Stock,2016-06-24 00:00:00.000,2016-12-01 00:00:00.000
4498,604,10.0000,89.5800,1.25,Allocated,2016-03-19 00:00:00.000,2016-12-01 00:00:00.000
4277,610,9.0000,40.0100,8.62,No Stock,2016-11-10 00:00:00.000,2016-07-02 00:00:00.000
4377,602,9.0000,91.6200,8.57,On Order,2016-08-26 00:00:00.000,2017-01-06 00:00:00.000
4534,606,8.0000,60.9500,9.33,Allocated,2016-07-15 00:00:00.000,2016-09-30 00:00:00.000
4534,607,10.0000,49.8400,8.32,No Stock,2016-04-24 00:00:00.000,2016-09-30 00:00:00.000
4366,604,6.0000,52.0100,2.02,No Stock,2016-09-23 00:00:00.000,2016-12-20 00:00:00.000
4148,602,4.0000,67.8900,1.73,Allocated,2016-03-26 00:00:00.000,2016-11-28 00:00:00.000
4055,606,10.0000,57.1700,3.06,No Stock,2016-11-20 00:00:00.000,2017-03-15 00:00:00.000
4093,601,8.0000,75.2700,5.92,No Stock,2016-07-09 00:00:00.000,2016-05-10 00:00:00.000
4418,609,8.0000,59.8800,5.52,Allocated,2016-09-03 00:00:00.000,2017-02-07 00:00:00.000
4437,609,7.0000,12.6900,5.56,On Order,2016-12-16 00:00:00.000,2016-10-13 00:00:00.000
4437,602,1.0000,98.7100,8.08,On Order,2017-03-16 00:00:00.000,2016-10-13 00:00:00.000
4068,602,4.0000,12.6700,5.17,Allocated,2016-08-30 00:00:00.000,2016-07-10 00:00:00.000
4598,603,5.0000,69.0200,6.1,No Stock,2016-12-23 00:00:00.000,2016-10-23 00:00:00.000
4355,609,7.0000,26.1600,6.88,Allocated,2016-12-09 00:00:00.000,2017-01-03 00:00:00.000
4355,607,4.0000,20.2500,3.18,No Stock,2016-04-27 00:00:00.000,2017-01-03 00:00:00.000
4202,609,4.0000,56.7000,2.07,No Stock,2017-03-11 00:00:00.000,2016-08-12 00:00:00.000
4201,608,2.0000,97.2900,5.87,No Stock,2016-09-12 00:00:00.000,2016-12-09 00:00:00.000
4495,607,7.0000,86.0500,5.4,Allocated,2016-10-03 00:00:00.000,2016-12-27 00:00:00.000
4110,605,3.0000,61.6500,7.86,On Order,2016-08-05 00:00:00.000,2017-02-05 00:00:00.000
4031,605,7.0000,75.4200,2.92,No Stock,2017-02-12 00:00:00.000,2017-03-15 00:00:00.000
4315,602,7.0000,9.2500,3.78,On Order,2017-01-04 00:00:00.000,2016-08-08 00:00:00.000
4427,607,10.0000,53.8200,8.17,No Stock,2016-11-09 00:00:00.000,2016-09-22 00:00:00.000
4271,603,2.0000,80.4700,4.81,Allocated,2016-05-25 00:00:00.000,2016-09-10 00:00:00.000
4291,606,1.0000,76.8200,3.31,Allocated,2016-09-27 00:00:00.000,2016-09-13 00:00:00.000
4044,602,8.0000,47.3000,3.26,On Order,2016-11-05 00:00:00.000,2016-12-17 00:00:00.000
4338,610,1.0000,83.9400,3.56,Allocated,2016-11-03 00:00:00.000,2016-11-10 00:00:00.000
4109,609,2.0000,3.7100,9.12,No Stock,2016-10-23 00:00:00.000,2017-02-02 00:00:00.000
4475,603,2.0000,44.4200,7.21,No Stock,2017-03-10 00:00:00.000,2016-11-13 00:00:00.000
4387,606,8.0000,87.3100,7.53,No Stock,2016-06-12 00:00:00.000,2017-03-05 00:00:00.000
4583,610,1.0000,19.4000,8.3,On Order,2016-12-08 00:00:00.000,2017-01-24 00:00:00.000
4442,608,1.0000,55.6600,2.52,Allocated,2016-09-08 00:00:00.000,2017-01-13 00:00:00.000
4199,603,7.0000,5.5000,2.26,No Stock,2016-11-28 00:00:00.000,2017-03-05 00:00:00.000
4278,609,5.0000,31.9900,5.41,No Stock,2016-10-23 00:00:00.000,2017-03-08 00:00:00.000
4314,607,10.0000,32.1900,8.12,On Order,2016-11-23 00:00:00.000,2017-01-17 00:00:00.000
4541,601,2.0000,83.6200,4.01,Allocated,2016-11-22 00:00:00.000,2017-01-28 00:00:00.000
4337,610,1.0000,52.9800,5.68,Allocated,2016-03-19 00:00:00.000,2016-07-22 00:00:00.000
4446,606,5.0000,18.5200,2.13,On Order,2016-06-28 00:00:00.000,2016-12-03 00:00:00.000
4041,601,9.0000,42.7900,8.92,No Stock,2016-03-31 00:00:00.000,2017-02-15 00:00:00.000
4239,606,7.0000,99.6500,2.31,Allocated,2017-03-04 00:00:00.000,2016-11-04 00:00:00.000
4423,602,3.0000,25.8800,5.34,Allocated,2016-04-19 00:00:00.000,2016-11-20 00:00:00.000
4528,609,4.0000,64.5600,4.09,On Order,2016-10-03 00:00:00.000,2016-11-16 00:00:00.000
4134,608,1.0000,65.6100,8.68,On Order,2017-01-14 00:00:00.000,2016-09-17 00:00:00.000
4169,604,2.0000,93.4300,2.26,No Stock,2017-01-16 00:00:00.000,2017-01-06 00:00:00.000
4596,609,10.0000,82.1100,4.38,No Stock,2016-11-17 00:00:00.000,2017-02-28 00:00:00.000
4157,607,6.0000,40.0500,3.9,On Order,2017-01-13 00:00:00.000,2016-09-22 00:00:00.000
4560,610,7.0000,9.5100,8.01,On Order,2016-08-22 00:00:00.000,2017-03-13 00:00:00.000
4310,605,7.0000,15.8800,2.48,Allocated,2017-02-17 00:00:00.000,2016-12-04 00:00:00.000
4157,603,9.0000,93.0900,5.35,Allocated,2016-08-03 00:00:00.000,2016-09-22 00:00:00.000
4311,603,2.0000,67.2600,6.18,No Stock,2016-05-06 00:00:00.000,2017-02-03 00:00:00.000
4352,602,3.0000,13.0900,3.98,No Stock,2016-10-03 00:00:00.000,2017-01-23 00:00:00.000
4281,610,9.0000,37.0700,8.7,On Order,2016-12-28 00:00:00.000,2016-10-20 00:00:00.000
4221,602,8.0000,8.4400,1.85,Allocated,2016-11-25 00:00:00.000,2017-01-10 00:00:00.000
4167,603,5.0000,58.2000,1.14,Allocated,2016-06-20 00:00:00.000,2016-11-12 00:00:00.000
4368,604,4.0000,53.4600,4.56,No Stock,2016-09-07 00:00:00.000,2016-12-21 00:00:00.000
4585,602,2.0000,90.5700,2.52,Allocated,2016-05-22 00:00:00.000,2016-11-29 00:00:00.000
4305,609,1.0000,76.4100,7.87,Allocated,2016-07-05 00:00:00.000,2016-06-11 00:00:00.000
4064,601,1.0000,68.2700,6.79,No Stock,2016-07-06 00:00:00.000,2016-12-13 00:00:00.000
4492,607,4.0000,99.5900,2.45,On Order,2017-03-04 00:00:00.000,2016-12-08 00:00:00.000
4568,606,8.0000,66.9200,1.1,Allocated,2016-10-02 00:00:00.000,2017-02-27 00:00:00.000
4207,610,5.0000,12.3000,9.51,On Order,2016-05-17 00:00:00.000,2016-11-09 00:00:00.000
4448,605,2.0000,69.7100,2.05,No Stock,2016-09-17 00:00:00.000,2016-12-07 00:00:00.000
4497,607,7.0000,27.3000,4.26,Allocated,2017-01-29 00:00:00.000,2016-09-28 00:00:00.000
4113,601,3.0000,22.4900,3.61,Allocated,2016-08-24 00:00:00.000,2016-09-30 00:00:00.000
4109,604,9.0000,89.1900,9.43,No Stock,2016-10-21 00:00:00.000,2017-02-02 00:00:00.000
4049,603,7.0000,40.9900,5.77,Allocated,2017-02-22 00:00:00.000,2016-08-24 00:00:00.000
4451,604,3.0000,47.4800,1.4,Allocated,2016-09-12 00:00:00.000,2017-02-25 00:00:00.000
4246,607,3.0000,27.3400,1.97,Allocated,2016-11-15 00:00:00.000,2017-02-04 00:00:00.000
4379,605,9.0000,53.7000,5.65,On Order,2016-10-29 00:00:00.000,2017-02-26 00:00:00.000
4341,601,1.0000,9.4400,8.66,No Stock,2016-09-06 00:00:00.000,2017-02-18 00:00:00.000
4123,607,10.0000,4.7800,1.32,Allocated,2016-12-28 00:00:00.000,2016-09-24 00:00:00.000
4010,603,10.0000,24.2400,2.76,Allocated,2016-07-05 00:00:00.000,2017-02-26 00:00:00.000
4491,602,3.0000,16.8000,5.22,On Order,2016-09-16 00:00:00.000,2017-01-16 00:00:00.000
4470,607,4.0000,7.7000,5.78,No Stock,2016-04-22 00:00:00.000,2016-10-11 00:00:00.000
4390,609,4.0000,7.0200,5.61,On Order,2016-11-29 00:00:00.000,2016-12-01 00:00:00.000
4036,605,6.0000,66.7500,9.97,Allocated,2017-02-25 00:00:00.000,2017-02-13 00:00:00.000
4152,608,10.0000,97.8200,9.97,No Stock,2016-07-11 00:00:00.000,2017-02-05 00:00:00.000
4192,601,1.0000,11.6100,7.49,No Stock,2016-08-11 00:00:00.000,2017-01-11 00:00:00.000
4028,601,8.0000,74.5600,1.78,Allocated,2016-12-09 00:00:00.000,2016-09-11 00:00:00.000
4066,604,9.0000,2.6300,7.42,Allocated,2016-08-12 00:00:00.000,2016-11-15 00:00:00.000
4574,601,3.0000,14.8100,9.61,On Order,2016-05-04 00:00:00.000,2016-06-26 00:00:00.000
4556,601,10.0000,65.8100,7.25,Allocated,2016-11-07 00:00:00.000,2016-12-10 00:00:00.000
4417,601,6.0000,66.3800,5.22,No Stock,2016-07-07 00:00:00.000,2017-01-23 00:00:00.000
4572,603,2.0000,59.2100,2.46,Allocated,2016-11-18 00:00:00.000,2016-08-31 00:00:00.000
4050,607,2.0000,72.7200,3.08,On Order,2016-04-24 00:00:00.000,2016-11-03 00:00:00.000
4060,604,9.0000,41.9800,1.46,Allocated,2017-01-17 00:00:00.000,2016-09-02 00:00:00.000
4411,602,7.0000,3.4700,3.86,No Stock,2017-03-14 00:00:00.000,2016-12-06 00:00:00.000
4011,608,3.0000,95.0700,4.6,On Order,2016-06-04 00:00:00.000,2017-03-01 00:00:00.000
4410,603,7.0000,13.7900,5.05,No Stock,2016-09-28 00:00:00.000,2017-01-21 00:00:00.000
4209,606,6.0000,46.3100,8.98,Allocated,2016-04-20 00:00:00.000,2017-01-01 00:00:00.000
4167,608,1.0000,20.0100,6.24,No Stock,2017-01-05 00:00:00.000,2016-11-12 00:00:00.000
4164,607,6.0000,80.5600,4.32,On Order,2016-08-17 00:00:00.000,2017-03-08 00:00:00.000
4447,609,9.0000,54.6100,4.47,Allocated,2016-07-08 00:00:00.000,2017-01-16 00:00:00.000
4421,605,2.0000,96.3400,1.7,On Order,2016-06-10 00:00:00.000,2017-03-02 00:00:00.000
4456,607,8.0000,54.8300,9.57,No Stock,2016-08-16 00:00:00.000,2016-11-19 00:00:00.000
4122,606,5.0000,44.9900,1.66,No Stock,2016-05-08 00:00:00.000,2016-07-30 00:00:00.000
4576,607,7.0000,31.7800,2.05,On Order,2016-03-17 00:00:00.000,2017-02-24 00:00:00.000
4184,604,1.0000,29.5200,3.48,Allocated,2016-04-02 00:00:00.000,2017-01-06 00:00:00.000
4328,607,5.0000,28.9400,3.59,Allocated,2016-08-01 00:00:00.000,2017-01-25 00:00:00.000
4323,608,8.0000,24.0500,9.49,On Order,2016-08-12 00:00:00.000,2017-03-13 00:00:00.000
4455,602,10.0000,50.3000,9.33,On Order,2017-01-11 00:00:00.000,2016-07-09 00:00:00.000
4417,604,7.0000,96.9900,4.89,No Stock,2016-09-30 00:00:00.000,2017-01-23 00:00:00.000
4074,606,10.0000,98.2000,3.63,On Order,2016-04-30 00:00:00.000,2017-01-06 00:00:00.000
4541,603,5.0000,37.4700,2.89,On Order,2016-04-07 00:00:00.000,2017-01-28 00:00:00.000
4250,606,7.0000,63.8900,3.39,On Order,2016-12-31 00:00:00.000,2016-10-17 00:00:00.000
4552,601,2.0000,91.6900,8.12,On Order,2016-06-03 00:00:00.000,2017-03-05 00:00:00.000
4517,604,10.0000,55.7600,7.34,Allocated,2016-10-23 00:00:00.000,2017-02-01 00:00:00.000
4519,609,9.0000,61.3900,7.83,On Order,2016-07-01 00:00:00.000,2016-10-07 00:00:00.000
4165,604,8.0000,72.6700,7.56,On Order,2016-08-09 00:00:00.000,2017-01-07 00:00:00.000
4328,604,1.0000,55.5300,3.16,On Order,2016-12-14 00:00:00.000,2017-01-25 00:00:00.000
4477,603,4.0000,24.9900,4.46,No Stock,2016-09-10 00:00:00.000,2016-12-04 00:00:00.000
4287,602,6.0000,2.9000,9.5,On Order,2016-10-06 00:00:00.000,2017-01-15 00:00:00.000
4050,606,4.0000,27.8400,1.49,No Stock,2016-12-18 00:00:00.000,2016-11-03 00:00:00.000
4036,604,1.0000,46.6300,4.25,No Stock,2016-05-04 00:00:00.000,2017-02-13 00:00:00.000
4294,607,4.0000,81.5000,9.13,Allocated,2017-01-20 00:00:00.000,2017-01-21 00:00:00.000
4142,607,5.0000,75.6300,1.64,Allocated,2016-08-02 00:00:00.000,2016-12-25 00:00:00.000
4256,604,9.0000,6.7400,1.84,No Stock,2016-06-13 00:00:00.000,2016-05-18 00:00:00.000
4557,603,1.0000,5.0100,4.57,No Stock,2016-09-05 00:00:00.000,2016-09-11 00:00:00.000
4237,602,1.0000,27.7900,8.84,No Stock,2016-11-07 00:00:00.000,2016-11-30 00:00:00.000
4433,601,4.0000,34.0900,9.94,No Stock,2016-04-18 00:00:00.000,2017-02-11 00:00:00.000
4551,602,3.0000,69.4300,1.31,No Stock,2017-03-15 00:00:00.000,2017-03-01 00:00:00.000
4523,606,9.0000,79.8600,1.63,No Stock,2016-05-25 00:00:00.000,2017-02-12 00:00:00.000
4278,603,6.0000,32.0000,1.23,Allocated,2016-12-23 00:00:00.000,2017-03-08 00:00:00.000
4535,607,3.0000,88.0000,3.12,Allocated,2016-07-11 00:00:00.000,2017-02-24 00:00:00.000
4437,601,7.0000,56.4800,9.07,Allocated,2016-05-05 00:00:00.000,2016-10-13 00:00:00.000
4596,605,6.0000,95.1700,7.53,On Order,2016-09-11 00:00:00.000,2017-02-28 00:00:00.000
4245,608,1.0000,32.4700,9.9,Allocated,2017-03-14 00:00:00.000,2016-07-14 00:00:00.000
4145,603,3.0000,57.9700,8.04,On Order,2016-06-17 00:00:00.000,2016-11-05 00:00:00.000
4208,610,6.0000,88.8500,4.2,No Stock,2016-04-19 00:00:00.000,2016-10-26 00:00:00.000
4208,603,7.0000,37.2600,3.68,Allocated,2016-03-30 00:00:00.000,2016-10-26 00:00:00.000
4058,604,6.0000,36.7800,6.96,Allocated,2016-05-20 00:00:00.000,2017-03-16 00:00:00.000
4348,610,3.0000,38.0000,5.74,On Order,2016-05-30 00:00:00.000,2016-10-19 00:00:00.000
4376,608,10.0000,5.5500,3.21,No Stock,2016-09-14 00:00:00.000,2016-11-29 00:00:00.000
4214,608,3.0000,37.4300,5.18,Allocated,2016-05-15 00:00:00.000,2017-02-19 00:00:00.000
4058,607,6.0000,79.0100,4.3,Allocated,2016-06-19 00:00:00.000,2017-03-16 00:00:00.000
4048,605,7.0000,13.5200,2.44,On Order,2016-07-06 00:00:00.000,2016-11-06 00:00:00.000
4355,608,9.0000,73.3000,5.95,Allocated,2016-12-08 00:00:00.000,2017-01-03 00:00:00.000
4011,601,9.0000,20.8400,3.93,Allocated,2016-06-10 00:00:00.000,2017-03-01 00:00:00.000
4350,608,9.0000,43.5700,6.54,No Stock,2016-08-24 00:00:00.000,2016-05-15 00:00:00.000
4408,601,4.0000,89.7700,2.7,No Stock,2017-03-07 00:00:00.000,2017-02-11 00:00:00.000
4033,601,4.0000,45.5500,6.19,Allocated,2016-05-09 00:00:00.000,2016-09-07 00:00:00.000
4062,604,1.0000,71.7700,4.91,No Stock,2016-11-20 00:00:00.000,2017-03-09 00:00:00.000
4449,607,10.0000,86.9700,4.63,No Stock,2016-09-29 00:00:00.000,2016-12-13 00:00:00.000
4171,610,10.0000,49.3800,3.71,Allocated,2016-04-25 00:00:00.000,2017-01-20 00:00:00.000
4126,601,10.0000,71.7700,9.08,No Stock,2017-02-24 00:00:00.000,2016-12-25 00:00:00.000
4023,601,7.0000,89.4000,1.71,No Stock,2016-04-03 00:00:00.000,2017-02-02 00:00:00.000
4223,601,4.0000,58.8500,6.75,No Stock,2017-03-04 00:00:00.000,2017-02-13 00:00:00.000
4287,604,3.0000,34.4000,7.12,On Order,2017-03-04 00:00:00.000,2017-01-15 00:00:00.000
4400,602,9.0000,36.8500,6.54,On Order,2016-10-31 00:00:00.000,2016-09-06 00:00:00.000
4258,609,4.0000,62.3200,2.23,Allocated,2017-02-20 00:00:00.000,2017-01-11 00:00:00.000
4072,602,5.0000,34.5100,5.99,No Stock,2016-05-25 00:00:00.000,2017-03-06 00:00:00.000
4521,605,8.0000,54.3500,7.77,No Stock,2017-01-31 00:00:00.000,2017-03-10 00:00:00.000
4273,602,10.0000,85.3800,8.44,No Stock,2016-12-19 00:00:00.000,2016-10-29 00:00:00.000
4219,603,7.0000,26.6300,3.9,No Stock,2016-12-04 00:00:00.000,2017-03-14 00:00:00.000
4108,609,1.0000,6.4300,6.66,Allocated,2016-05-03 00:00:00.000,2016-10-05 00:00:00.000
4065,610,5.0000,99.7600,1.78,Allocated,2016-09-23 00:00:00.000,2016-12-09 00:00:00.000
4254,610,3.0000,5.0100,9.93,On Order,2017-02-03 00:00:00.000,2016-11-28 00:00:00.000
4216,608,8.0000,45.7500,3.7,Allocated,2017-02-24 00:00:00.000,2016-11-30 00:00:00.000
4077,609,1.0000,8.2500,3.74,No Stock,2016-12-07 00:00:00.000,2016-11-24 00:00:00.000
4258,601,3.0000,69.1200,3.65,Allocated,2017-02-27 00:00:00.000,2017-01-11 00:00:00.000
4322,603,2.0000,21.0900,9.37,No Stock,2016-11-29 00:00:00.000,2016-12-06 00:00:00.000
4188,604,8.0000,30.3600,1.97,No Stock,2016-06-05 00:00:00.000,2017-02-07 00:00:00.000
4100,608,3.0000,6.6200,1.25,Allocated,2016-11-16 00:00:00.000,2016-08-03 00:00:00.000
4075,605,8.0000,69.3600,9.16,On Order,2016-07-19 00:00:00.000,2017-02-27 00:00:00.000
4232,601,8.0000,16.9900,7.26,No Stock,2016-11-28 00:00:00.000,2017-03-06 00:00:00.000
4207,605,9.0000,41.7900,1.55,On Order,2016-06-27 00:00:00.000,2016-11-09 00:00:00.000
4272,610,7.0000,66.2800,2.85,No Stock,2016-09-17 00:00:00.000,2016-10-07 00:00:00.000
4388,603,8.0000,24.2500,6.18,Allocated,2016-09-22 00:00:00.000,2016-09-20 00:00:00.000
4002,610,4.0000,37.1900,8.65,Allocated,2016-10-12 00:00:00.000,2017-01-29 00:00:00.000
4389,603,2.0000,40.1500,8.39,No Stock,2016-08-09 00:00:00.000,2017-02-18 00:00:00.000
4190,601,6.0000,34.2900,9.45,Allocated,2016-11-01 00:00:00.000,2016-08-27 00:00:00.000
4399,610,7.0000,85.0300,4.71,No Stock,2016-05-04 00:00:00.000,2017-02-25 00:00:00.000
4215,610,5.0000,4.3500,2.65,Allocated,2016-07-24 00:00:00.000,2017-01-26 00:00:00.000
4227,606,9.0000,74.3700,1.85,On Order,2016-12-19 00:00:00.000,2017-01-25 00:00:00.000
4370,604,10.0000,10.3800,2.29,Allocated,2016-06-03 00:00:00.000,2016-12-17 00:00:00.000
4558,601,3.0000,29.6200,7.16,No Stock,2016-11-06 00:00:00.000,2016-10-06 00:00:00.000
4318,609,5.0000,29.1700,3.35,No Stock,2016-11-28 00:00:00.000,2017-01-20 00:00:00.000
4553,603,1.0000,5.2200,8.43,On Order,2016-10-28 00:00:00.000,2016-10-16 00:00:00.000
4102,608,1.0000,2.5400,9.62,On Order,2016-10-01 00:00:00.000,2017-01-18 00:00:00.000
4240,609,2.0000,56.9500,2.11,No Stock,2016-11-15 00:00:00.000,2016-12-15 00:00:00.000
4569,601,10.0000,96.5600,6.33,Allocated,2016-07-22 00:00:00.000,2016-10-03 00:00:00.000
4198,606,1.0000,58.7100,2.32,No Stock,2016-06-26 00:00:00.000,2017-03-02 00:00:00.000
4205,610,4.0000,78.2300,5.95,No Stock,2016-06-21 00:00:00.000,2016-09-23 00:00:00.000
4107,608,1.0000,49.0900,8.72,Allocated,2016-12-19 00:00:00.000,2016-10-10 00:00:00.000
4262,602,4.0000,51.7300,3.06,Allocated,2017-01-17 00:00:00.000,2017-02-21 00:00:00.000
4049,609,10.0000,90.4500,2.75,Allocated,2017-01-26 00:00:00.000,2016-08-24 00:00:00.000
4208,609,1.0000,88.0100,1.98,Allocated,2016-10-04 00:00:00.000,2016-10-26 00:00:00.000
4113,604,6.0000,86.0100,4.4,Allocated,2017-01-05 00:00:00.000,2016-09-30 00:00:00.000
4210,609,7.0000,70.3700,6.89,Allocated,2016-06-23 00:00:00.000,2017-03-08 00:00:00.000
4566,601,7.0000,57.7900,4.48,No Stock,2016-11-02 00:00:00.000,2016-09-14 00:00:00.000
4103,608,1.0000,73.9100,9.79,No Stock,2016-12-26 00:00:00.000,2017-01-17 00:00:00.000
4280,606,5.0000,7.5200,2.76,Allocated,2016-05-27 00:00:00.000,2017-02-04 00:00:00.000
